Address,Latitude,Longitude
"128 S Glick, Mulberry, IN, 46058-0000, USA",40.3439096,-86.6664305
"3120 E 30th St, Indianapolis, IN, 46218-2851, USA",39.8111812,-86.1159345
"100 S Depot Street, Walton, IN, 46994, USA",40.660748,-86.2413535
"121 S Main St, Milford, IN, 46542-0000, USA",41.4090731,-85.8464442
"200 N Church St, Mishawaka, IN, 46544-1423, USA",41.6627062,-86.178911
"107 N Sycamore St, Gaston, IN, 47342-0000, USA",40.3144849,-85.5009286
"111 E Jefferson St # 5, Goshen, IN, 46528-3786, USA",41.5839521,-85.833346
"111 E Kentucky St, Clayton, IN, 46118-9482, USA",39.6887958,-86.5210885
"210 E Washington St, Oakland City, IN, 47660-1548, USA",38.338764,-87.3437847
"112 E Emerson St, Princeton, IN, 47670-1802, USA",38.3575148,-87.5671612
"108 S Main St, Salem, IN, 47167-2022, USA",38.6048216,-86.1004768
"1 E Main St # 102, Fort Wayne, IN, 46802-1804, USA",41.0809169,-85.1391614
"100 College St, Battle Ground, IN, 47920-0000, USA",40.5106107,-86.840603
"10 N Center St, Flora, IN, 46929-1001, USA",40.5481346,-86.5237626
"611 E. Jackson St., Brazil, IN, 47834, USA",39.5237575,-87.1190618
"203 E National Ave, Brazil, IN, 47834-2665, USA",39.5229915,-87.1256494
"111 W 8th St, Clay City, IN, 47841-1311, USA",39.276334,-87.1133311
"609 E National Ave # 302, Brazil, IN, 47834-2659, USA",39.5244938,-87.1194517
"100 E 5th St, Connersville, IN, 47331-2021, USA",39.6410307,-85.1389624
"104 E 2nd, Otterbein, IN, 47970-0000, USA",40.4887718,-87.0948094
"102 S Spring St, Wakarusa, IN, 46573-0000, USA",41.5355692,-86.0173853
"102 W 2nd St, Michigan City, IN, 46360-3231, USA",41.7200453,-86.9039818
"109 E Aurora St, Kewanna, IN, 46939-0000, USA",41.0193307,-86.4136291
"109 S Main, Summitville, IN, 46070-0000, USA",40.3373754,-85.6449121
"123 W 4th St, Connersville, IN, 47331-1901, USA",39.6405446,-85.1412922
"9706 Clark, Floyds Knobs, IN, 47119-0000, USA",38.3242901,-85.8738399
"9110 State Road 64, Georgetown, IN, 47122-8977, USA",38.2946855,-85.9777645
"311 W 1st St # 131, New Albany, IN, 47150-3585, USA",38.2842277,-85.8253215
"110 S Orange St, Albion, IN, 46701-1127, USA",41.3950007,-85.4237336
"106 Ridge St, Westville, IN, 46391-0000, USA",41.5420556,-86.8990673
"100 W Washington St, Muncie, IN, 47305-1752, USA",40.1950847,-85.3870286
"1008 E 20th St, Muncie, IN, 47302-5303, USA",40.1706403,-85.3754433
"230 E MAIN ST, FRANCISCO, IN, 47649, USA",38.3323151,-87.443848
"PO BOX 158, PATOKA, IN, 47666, USA",38.4069908,-87.5855787
"BRUMMIT ST, OWENSVILLE, IN, 47665, USA",38.2719399,-87.6970074
"210 W LOCUST ST, FORT BRANCH, IN, 47648, USA",38.2477049,-87.5807113
"310 W State St, Princeton, IN, 47670-1342, USA",38.3565174,-87.570636
"101 S Union Ave, Ashley, IN, 46705-0000, USA",41.5263664,-85.0666517
"103 W 3rd St, Ligonier, IN, 46767-1903, USA",41.4634205,-85.5887435
"105 E Main St, Atlanta, IN, 46031-0000, USA",40.2162594,-86.0262468
"105 S Church St, Frankton, IN, 46044-0000, USA",40.222577,-85.7795785
"105 S Lincoln Ave, Fowler, IN, 47944-1544, USA",40.617168,-87.3159787
"875 S SR 9, Lagrange, IN, 46761-1809, USA",41.6295293,-85.4147441
"105 W Taylor St, Shelbyville, IN, 46176-2028, USA",39.520551,-85.778608
"111 N 3rd St, Goshen, IN, 46526-3299, USA",41.5871214,-85.836462
"112 N Meridian St, Greentown, IN, 46936-1220, USA",40.4784111,-85.9663351
"101 S MAIN ST, HAUBSTADT, IN, 47639, USA",38.2049816,-87.5748439
"113 N Oak St, Corydon, IN, 47112-1123, USA",38.2109994,-86.1275298
"7501 Main St NE, Lanesville, IN, 47136-8615, USA",38.2383875,-85.9840989
"1445 Gardner Ln NW # 1000, Corydon, IN, 47112-2079, USA",38.2230243,-86.1432975
"317 S Walnut St, Madison, IN, 47250-3523, USA",38.7358043,-85.3761897
"101 W Main St, Madison, IN, 47250-3777, USA",38.7360939,-85.3804256
"116 S State St, Greenfield, IN, 46140-2330, USA",39.7835134,-85.769468
"118 S Main St, Dunkirk, IN, 47336-1250, USA",40.3746725,-85.2102624
"11 N Madison Ave, Hanover, IN, 47243-9696, USA",38.7141638,-85.4670875
"407 S 6th St, Mitchell, IN, 47446-1710, USA",38.7289221,-86.4711013
"1420 I St, Bedford, IN, 47421-3324, USA",38.8625427,-86.4823587
"1617 K St, Bedford, IN, 47421-3725, USA",38.8606722,-86.4859329
"109 Main St, Oolitic, IN, 47451-9603, USA",38.9009939,-86.5262976
"120 W Main St, Butler, IN, 46721-1322, USA",41.4294919,-84.8727948
"Court St, English, IN, 47118, USA",38.3345045,-86.4641498
"117 S Main St, Avilla, IN, 46710-0000, USA",41.3651462,-85.2383243
"115 W Parsonage St, Hudson, IN, 46747-0000, USA",41.5328541,-85.0817419
"1150 Shelby St, Indianapolis, IN, 46203-1166, USA",39.7509044,-86.1409364
"11501 E Washington St, Cumberland, IN, 46229-2827, USA",39.7757418,-85.9611215
"520 E Church St, New Harmony, IN, 47631-0000, USA",38.1299393,-87.933959
"10868 Main St, Cynthiana, IN, 47612-0000, USA",38.187674,-87.708592
"122 E State St, Pendleton, IN, 46064-1027, USA",40.0026002,-85.7465514
"207 Poplar St, Milltown, IN, 47145, USA",38.3429296,-86.276859
"108 Webster Street, St Paul, IN, 47272, USA",39.4274616,-85.6296917
"122 Outer Drive Clear Lk, Fremont, IN, 46737-9513, USA",41.730106,-84.8232558
"123 E Main St, Greenfield, IN, 46140-2347, USA",39.7847228,-85.7673854
"123 Kerr Ave, Rome City, IN, 46784-1029, USA",41.4929573,-85.3758412
"1201 Odonnell Rd, Mt Vernon, IN, 47620-9224, USA",37.9367195,-87.9104184
"123 Washington St # 11, Columbus, IN, 47201-6774, USA",39.199942,-85.9204163
"123 Washington St, Columbus, IN, 47201-6774, USA",39.1998517,-85.9203126
"122 Indiana Ave, French Lick, IN, 47432-1045, USA",38.5481271,-86.6216887
"12535 Lima Rd, Fort Wayne, IN, 46818-8903, USA",41.1994365,-85.1706712
"135 S 9th St, Noblesville, IN, 46060-2620, USA",40.0443504,-86.0140604
"1405 S Walnut St, Muncie, IN, 47302-3264, USA",40.1827378,-85.3867384
"1407 Arrow Ave, Anderson, IN, 46016-3231, USA",40.1016701,-85.7018436
"1410 N Lynhurst Dr, Speedway, IN, 46224-6407, USA",39.7853708,-86.2511349
"526 Main St, Mt Vernon, IN, 47620-1846, USA",37.933773,-87.89597
"13 E 7th St, Lapel, IN, 46051-0000, USA",40.0667107,-85.8466034
"1320 E Creighton Ave, Fort Wayne, IN, 46803-3502, USA",41.0646227,-85.1194783
"77 N ST FRANCIS AVE, PoseyVille Polic Department, IN, 47620, USA",38.1726672,-87.7809515
"213 S Harrison, Russellville, IN, 46175-0000, USA",39.8577992,-86.9835303
"2 N Main St, Fillmore, IN, 46128, USA",39.6716729,-86.7534618
"154 S Main St, Cloverdale, IN, 46120-8538, USA",39.5099005,-86.7944886
"13 Keightly Rd, Greencastle, IN, 46135-2227, USA",39.6332886,-86.8546664
"1927 W Us Highway 40, Greencastle, IN, 46135-8706, USA",39.5684184,-86.8878071
"205 N Indiana, Roachdale, IN, 46172-0198, USA",39.8522925,-86.8020803
"158 W Franklin St, Berne, IN, 46711-2144, USA",40.6562822,-84.950987
"16 E 9th St # 305, Anderson, IN, 46016-1538, USA",40.1074778,-85.6786932
"1601 Main St, Elwood, IN, 46036-2024, USA",40.2768009,-85.839854
"652 N Jackson, Greencastle, IN, 46135-1527, USA",39.6491911,-86.8657711
"201 N Grant, Bainbridge, IN, 46105-0385, USA",39.761157,-86.8119523
"18100 Cumberland Rd, Noblesville, IN, 46060-1624, USA",40.052314,-85.9927989
"147 W Main St, Danville, IN, 46122-1705, USA",39.7604884,-86.5254503
"1525 Corning Rd, Bluffton, IN, 46714-9790, USA",40.7386579,-85.1716368
"412 E Carr St., Milan, IN, 47031-8891, USA",39.1205004,-85.1249009
"132 S Main St, Batesville, IN, 47006-1345, USA",39.2970601,-85.2231958
"7044 Versailles St., Holton, IN, USA",39.0750942,-85.3875252
"119 S Meridian St, Sunman, IN, 47041-0000, USA",39.2362565,-85.094314
"100 E Water St, Versailles, IN, 47042-0000, USA",39.0707371,-85.250866
"1610 S Macedonia Ave, Muncie, IN, 47302-3647, USA",40.1808077,-85.3673336
"8272 W Ballard, West Baden Springs, IN, 47469, USA",38.5663265,-86.6128772
"816 W Main St, Paoli, IN, 47454-1041, USA",38.555941,-86.477795
"1615 W Western Ave, Bluffton, IN, 46714-9792, USA",40.7337454,-85.1946668
"1621 E Highland Ave, Muncie, IN, 47303-3948, USA",40.203373,-85.368239
"1712 E Us Highway 20, Michigan City, IN, 46360-7502, USA",41.6879662,-86.8628685
"2009 S Hoyt Ave, Muncie, IN, 47302-3009, USA",40.1770918,-85.3999971
"175 Waterfall Dr, Elkhart, IN, 46516-3699, USA",41.6841782,-85.9693273
"3572 Grant St, Gary, IN, 46408-1422, USA",41.5529308,-87.3563268
"902 S Adams St, Versailles, IN, 47042-9796, USA",39.0620964,-85.2556725
"210 N Monroe St, Versailles, IN, 47042-9529, USA",39.072512,-85.2491625
"147 W Ripley St, Osgood, IN, 47037-1228, USA",39.1288821,-85.2920899
"17535 Dartown Rd, Westfield, IN, 46074-8969, USA",40.0419049,-86.1501359
"1800 W Markland Ave, Kokomo, IN, 46901-6126, USA",40.4772174,-86.1566554
"1903 Saint Marys Ave, Fort Wayne, IN, 46808-2331, USA",41.0925125,-85.1561182
"111 S 1st St, Scottsburg, IN, 47170-1802, USA",38.6843395,-85.768627
"203 S Lake Road North Dr., Scottsburg, IN, 47170-1637, USA",38.689489,-85.7936115
"80 W Main St, Austin, IN, 47102-1659, USA",38.7418457,-85.8068996
"402 Liberty Street, Vevay, IN, 47043, USA",38.7480375,-85.0689437
"401 Liberty Street, Vevay, IN, 47043-1117, USA",38.7478456,-85.0689348
"2 S Superior, Orestes, IN, 46063-0000, USA",40.2703084,-85.7284027
"20 N 6th St # 2, Lafayette, IN, 47901-1410, USA",40.4179389,-86.890874
"20 N 6th St, Lafayette, IN, 47901-1412, USA",40.4178463,-86.8909406
"E CR 195 S, New Point, IN, 47263, USA",39.3101916,-85.328937
"20 S Jefferson St, Danville, IN, 46122-1702, USA",39.760475,-86.525414
"200 Commercial Dr, Nashville, IN, 47448-0000, USA",39.2075538,-86.2439154
"200 E Line St, Geneva, IN, 46740-8807, USA",40.5918225,-84.9591986
"200 N Cowen St, Garrett, IN, 46738-1151, USA",41.351482,-85.137524
"210 Ferry St, Vevay, IN, 47043-1102, USA",38.7474773,-85.0666314
"2595 Main Street, Patriot, IN, 47038, USA",38.8314056,-84.8312049
"201 S Union St, Delphi, IN, 46923-1531, USA",40.5863688,-86.6723702
"201 W Washington St, Frankfort, IN, 46041-1859, USA",40.2813461,-86.5135897
"202 W Gilmore St, Angola, IN, 46703-1414, USA",41.6359311,-85.0006854
"204 E Market St, Bluffton, IN, 46714-2197, USA",40.7395418,-85.1697677
"204 S Harrison St, Alexandria, IN, 46001-2422, USA",40.2613681,-85.6747696
"204 W Rochester St, Akron, IN, 46910-0000, USA",41.0388252,-86.0294547
"7751 S US 41, Terre Haute, IN, 47802, USA",39.5716681,-87.370251
"201 Cherry St, Terre Haute, IN, 47807-2940, USA",39.466777,-87.4144767
"1211 E Wabash Ave, Terre Haute, IN, 47807-3437, USA",39.4673956,-87.398669
"205 S Intermural Dr, West Lafayette, IN, 47907-1677, USA",40.4401775,-86.9261008
"205 E Main St, Paoli, IN, 47454-1554, USA",38.5556541,-86.466242
"205 W South St, Monroeville, IN, 46773-0000, USA",40.9745194,-84.8697007
"207 E Main St, Chesterfield, IN, 46017-1336, USA",40.1131867,-85.5930029
"208 W Main St, Arcadia, IN, 46030-0000, USA",40.1760141,-86.0236763
"209 E Saint Joseph St, Indianapolis, IN, 46202-3310, USA",39.779807,-86.15333
"500 W National Ave, West Terre Haute, IN, 47885-1302, USA",39.4654359,-87.4488418
"PO BOX 249, SEELYVILLE, IN, 47878, USA",39.4921,-87.2651
"175 W Sycamore St, Elberfeld, IN, 47613, USA",38.1606546,-87.4475857
"527 State St, Newburgh, IN, 47630-1230, USA",37.9493201,-87.404675
"210 S 7th St, Albion, IN, 46701-1413, USA",41.3946985,-85.4092611
"210 S Cedar St, Auburn, IN, 46706-2302, USA",41.3660551,-85.0539922
"210 W Main, Colfax, IN, 46035-0000, USA",40.1936837,-86.667975
"211 W Harris St, Eaton, IN, 47338-9435, USA",40.341714,-85.3575076
"212 E State St, Albany, IN, 47320-1235, USA",40.2999569,-85.2357923
"215 E 8th St, Auburn, IN, 46706-2393, USA",41.366236,-85.0536879
"112 N Main, Tennyson, IN, 47637, USA",38.0828327,-87.1179314
"100 W State Route 62, Boonville, IN, 47601-9196, USA",38.0404049,-87.2485392
"113 N Main St, Sweetser, IN, 46987-0000, USA",40.567786,-85.7693478
"224 W Water St, Portland, IN, 47371-2131, USA",40.4326704,-84.9800474
"417 E Jefferson Ave, Chandler, IN, 47610-9763, USA",38.0466487,-87.3636831
"121 E Locust St, Boonville, IN, 47601-1837, USA",38.048918,-87.2736284
"23 W Main St, Rossville, IN, 46065-9459, USA",40.4167258,-86.5954827
"234 S Main St, Kendallville, IN, 46755-1718, USA",41.4414664,-85.2655775
"207 N Main St, Lynnville, IN, 47619, USA",38.1976547,-87.2977881
"127 N Foote St, Cambridge City, IN, 47327-1144, USA",39.8143116,-85.1720354
"204 E Main St, Centerville, IN, 47330-1208, USA",39.8179376,-84.9946126
"2400 Oriole Trl, Michigan City, IN, 46360-1688, USA",41.7459618,-86.850855
"2420 Central Ave, Indianapolis, IN, 46205-4329, USA",39.8018028,-86.1497313
"247 N Meridian St, Ingalls, IN, 46048-0000, USA",39.9567945,-85.8048386
"2640 Duncan Rd, Lafayette, IN, 47904-1076, USA",40.448058,-86.8817744
"28 S Oak, Redkey, IN, 47373-0000, USA",40.3500289,-85.1526781
"50 N 5th St, Richmond, IN, 47374-4247, USA",39.8299818,-84.8957756
"3 Civic Sq, Carmel, IN, 46032-2584, USA",39.9654066,-86.1291207
"300 E Pike St # 5, Crawfordsville, IN, 47933-2537, USA",40.0409136,-86.8979897
"300 N High St # 215, Muncie, IN, 47305-1639, USA",40.1956997,-85.3867814
"300 N High St Fl 2, Muncie, IN, 47305-1639, USA",40.1957296,-85.3870006
"300 N High St, Muncie, IN, 47305-1639, USA",40.1957296,-85.3870006
"300 N Wayne St, Waterloo, IN, 46793-0000, USA",41.4324037,-85.0196308
"300 Washington St # 112, Michigan City, IN, 46360-3311, USA",41.7189486,-86.9036686
"312 W Main St, Fountain City, IN, 47341-0000, USA",39.9555306,-84.9197902
"301 E Main St, Richmond, IN, 47374-4200, USA",39.8283976,-84.8970541
"301 E Vistula St, Bristol, IN, 46507-9489, USA",41.7212639,-85.8146829
"301 E Walnut St, Frankfort, IN, 46041-2419, USA",40.2791651,-86.5086556
"301 W Lincoln St, Nappanee, IN, 46550-1950, USA",41.4415222,-86.0041094
"305 N College Ave, Muncie, IN, 47303-3401, USA",40.1960256,-85.409391
"49 E College St, Hagerstown, IN, 47346-1201, USA",39.911489,-85.161009
"89 S 3rd St, Richmond, IN, 47374-4246, USA",39.8277772,-84.8975682
"310 S Council St, Muncie, IN, 47305-2201, USA",40.1915852,-85.3919154
"310 W Main St, Delphi, IN, 46923-1400, USA",40.5847736,-86.676729
"311 E 5th St, Fowler, IN, 47944-1446, USA",40.617997,-87.320447
"313 S 1st St, Decatur, IN, 46733-2022, USA",40.8273143,-84.9214742
"315 S 2nd St, Elkhart, IN, 46516-3138, USA",41.6840027,-85.9739739
"113 E MAIN ST, MILTON, IN, 47357, USA",39.7871113,-85.1551166
"2250 E CUMBERLAND ST, DUBLIN, IN, 47335, USA",39.8122016,-85.2083059
"12 S WATER ST, GREENS FORK, IN, 47345, USA",39.892373,-85.043647
"316 S Albany, Selma, IN, 47383-0000, USA",40.1907313,-85.268387
"319 N Meridian St, Portland, IN, 47371-1905, USA",40.4359305,-84.9774062
"3229 N Shadeland Ave, Indianapolis, IN, 46226-6234, USA",39.815643,-86.0456136
"108 E 2nd, Warren, IN, 46792-0000, USA",40.6825604,-85.4268974
"340 Churchman Ave, Beech Grove, IN, 46107-2006, USA",39.7159431,-86.0789635
"3405 Nichol Ave, Anderson, IN, 46011-3060, USA",40.1009684,-85.7320899
"3500 N Broadway Ave, Muncie, IN, 47303-1309, USA",40.221371,-85.3716509
"353 Baker St, Cromwell, IN, 46732-0000, USA",41.4044017,-85.614837
"38 Public Sq, Salem, IN, 47167-2036, USA",38.6051067,-86.0998202
"315 S Ireland St, Greensburg, IN, 47240-1548, USA",39.3326931,-85.4898788
"39 Jackson Pl # 300, Indianapolis, IN, 46225-1011, USA",39.7631402,-86.1596764
"39 N Van Buren, Nashville, IN, 47448-0000, USA",39.2081227,-86.246763
"3930 E Church St, Hamilton, IN, 46742-0000, USA",41.5329799,-84.9138638
"4 Municipal Dr, Fishers, IN, 46038-1574, USA",39.9593043,-86.0156261
"40 S Alabama St, Indianapolis, IN, 46204-3635, USA",39.7659792,-86.1531573
"412 Covington St, Crawfordsville, IN, 47933-1334, USA",40.0476789,-86.9058222
"418 N Main St, Middlebury, IN, 46540-9216, USA",41.6844464,-85.7005804
"4209 N College Ave, Indianapolis, IN, 46205-1929, USA",39.8326649,-86.1448448
"4455 Mccoy St, Lawrence, IN, 46226-3980, USA",39.8392162,-86.0246567
"4820 Madison Ave, Indianapolis, IN, 46227-4152, USA",39.69506,-86.138347
"50 N Alabama St # E221, Indianapolis, IN, 46204-5305, USA",39.7679415,-86.1529896
"119 E Railroad St, Greensburg, IN, 47240-2035, USA",39.3352185,-85.4833967
"506 S Main St, Sheridan, IN, 46069-1337, USA",40.1341623,-86.2208811
"507 N Jefferson St, Ossian, IN, 46777-9763, USA",40.8842631,-85.1672975
"521 N 3rd St, Decatur, IN, 46733-1344, USA",40.8353995,-84.927138
"543 2nd St, Columbus, IN, 47201-6713, USA",39.1996448,-85.9190347
"55 E Main St, Brownsburg, IN, 46112-1213, USA",39.84268,-86.39674
"551 King Ave, Indianapolis, IN, 46222-3716, USA",39.7753776,-86.2034017
"5759 W Pendleton Pike, Mc Cordsville, IN, 46055-9592, USA",39.9210929,-85.8722918
"107 S Broadway St, Greensburg, IN, 47240-2004, USA",39.3361907,-85.4844839
"5921 State Rd 43, Crawfordsville, IN, 47933-0000, USA",40.5035443,-86.8677475
"600 E Jackson St, Goshen, IN, 46526-4001, USA",41.5739018,-85.8257055
"609 W Navajo St # A, West Lafayette, IN, 47906-1997, USA",40.4515959,-86.9174501
"6105 N Tolford St, Fremont, IN, 46737-0000, USA",41.7336477,-84.9341368
"616 E Main St, Muncie, IN, 47305-2509, USA",40.1942124,-85.3799415
"620 S Mulberry St, Muncie, IN, 47305-2447, USA",40.188995,-85.385228
"207 Johnson Ave, Westport, IN, 47283-0000, USA",39.1754403,-85.5738281
"6531 State Road 38 E, Lafayette, IN, 47905-7904, USA",40.3735747,-86.781266
"6570 E Us Highway 36, Avon, IN, 46123-9178, USA",39.763641,-86.4081198
"6901 Derbyshire Rd, Indianapolis, IN, 46227-5133, USA",39.6659226,-86.120748
"70 S Byron St, Cicero, IN, 46034-0000, USA",40.1314862,-86.0152266
"700 Meridian Plz, Anderson, IN, 46016-1521, USA",40.1086273,-85.6788817
"700 Meridian St, Anderson, IN, 46016-1521, USA",40.1086273,-85.6788817
"148 N Maple St, Orleans, IN, 47452-1424, USA",38.6630904,-86.4525111
"711 Harrison St, Hope, IN, 47246-1013, USA",39.3043007,-85.7699741
"714 E Broadway St, Fortville, IN, 46040-1550, USA",39.933518,-85.8409853
"715 S Calhoun St # 100, Fort Wayne, IN, 46802-1816, USA",41.0798753,-85.1393879
"715 S Calhoun St # 102, Fort Wayne, IN, 46802-1816, USA",41.0798753,-85.1393879
"715 S Calhoun St, Fort Wayne, IN, 46802-1816, USA",41.0798753,-85.1393879
"720 Central Ave, Anderson, IN, 46016-1548, USA",40.1083424,-85.676595
"7800 S Anthony Blvd, Fort Wayne, IN, 46816-2598, USA",41.0131919,-85.113256
"119 S 7th St, Cannelton, IN, 47520-1209, USA",37.9073946,-86.732861
"80 N Meridian St, Pittsboro, IN, 46167-0000, USA",39.8647622,-86.4681779
"801 Jackson St, Salem, IN, 47167-1218, USA",38.5973608,-86.0939899
"801 Michigan Ave, La Porte, IN, 46350-3568, USA",41.6103861,-86.7202204
"8019 S Walnut St, Daleville, IN, 47334-0000, USA",40.1213613,-85.5581141
"809 State St # 10, La Porte, IN, 46350-3390, USA",41.612062,-86.7230111
"809 State St, La Porte, IN, 46350-3390, USA",41.612062,-86.7230111
"815 Lincoln Hwy E, New Haven, IN, 46774-1422, USA",41.0708237,-85.0183923
"815 Madison St, Rochester, IN, 46975-1628, USA",41.0654294,-86.2139532
"Near Franklin & Spring, Troy, IN, USA",39.4806055,-86.0549863
"8455 Keystone Xing # 213, Indianapolis, IN, 46240-4356, USA",39.9096832,-86.1146615
"8709 Castle Park Dr, Indianapolis, IN, 46256-1272, USA",39.9141095,-86.0273825
"901 N Post Rd, Indianapolis, IN, 46219-5545, USA",39.7812216,-86.0068952
"904 N Walnut St, Muncie, IN, 47305-1459, USA",40.2032464,-85.3860124
"9051 Crawfordsville Rd, Clermont, IN, 46234-1517, USA",39.8157832,-86.3227114
"925 E Main St, Danville, IN, 46122-1945, USA",39.758558,-86.5039974
"930 W 54th St, Indianapolis, IN, 46208-2489, USA",39.8502549,-86.1775052
"9730 W Smith St, Yorktown, IN, 47396-1199, USA",40.1722435,-85.5009085
"9800 W Smith St, Yorktown, IN, 47396-1101, USA",40.1717678,-85.500989
"Lawrence St, Lawrence, IN, 46226-0000, USA",39.8574817,-86.0635045
"Pennville City Hall, Pennville, IN, 47369-0000, USA",40.4939337,-85.148304
"PO Box 45, Spencerville, IN, 46788-0045, USA",41.2831056,-84.9219092
"RR 1, Nineveh, IN, 46164-9801, USA",39.3177169,-86.1214018
"707 Mozart St, Tell City, IN, 47586-1711, USA",37.9505573,-86.7708201
"210 S 8th, Cannelton, IN, 47520, USA",37.9115813,-86.7402623
"103 N Sycamore, Galveston, IN, 46932-0000, USA",40.5783916,-86.1873568
"121 W Madison St, Tipton, IN, 46072-1833, USA",40.2806499,-86.0423244
"120 N 2nd St, Rockport, IN, 47635-1402, USA",37.8840063,-87.0465779
"201 Main St, Rockport, IN, 47635, USA",37.8834796,-87.046207
"PO Box 177, Chrisney, IN, 47611, USA",38.0147731,-87.0363859
"103 N Wallace St, Dale, IN, 47523, USA",38.1703494,-86.9868853
"Gentryville, IN, 47537, USA",38.1042183,-87.0330532
"Santa Claus, IN, 47579, USA",38.112712,-86.9173327
"1970 Broadway St, Clarksville, IN, 47129-7760, USA",38.327984,-85.7619785
"501 E Court Ave # 159, Jeffersonville, IN, 47130-4091, USA",38.2773613,-85.7368853
"230 E Montgomery Ave, Clarksville, IN, 47129-3236, USA",38.278314,-85.7570116
"500 QUARTERMASTER CT, Jeffersonville, IN, 47130-4029, USA",38.2834798,-85.7406265
"111 W MAIN ST, BORDEN, IN, 47106, USA",38.4682375,-85.94745
"701 Main St, Charlestown, IN, 47111-1217, USA",38.4424638,-85.6631738
"101 S NEW ALBANY STREET, Sellersburg, IN, 47172-1531, USA",38.3977809,-85.754608
"107 N 4TH ST, UTICA, IN, 47130, USA",38.3363836,-85.6528198
"7582 Church Lane, St Leon, IN, 47012, USA",39.2919974,-84.9580121
"13030 EXECUTIVE DR, Dillsboro, IN, 47018-9303, USA",39.0217649,-85.0617019
"301 W High St, Lawrenceburg, IN, 47025-1911, USA",39.0910973,-84.8510312
"Moores Hill, IN, USA",39.1133882,-85.0880122
"480 Ludlow St, Lawrenceburg, IN, 47025-1533, USA",39.1100517,-84.8639971
"349 Walnut St, Lawrenceburg, IN, 47025-1841, USA",39.0948006,-84.8510549
"23759 Brightwood Dr, Lawrenceburg, IN, 47025, USA",39.2140464,-84.8587885
"14687 Main St, Moores Hill, IN, 47032-9162, USA",39.1123012,-85.0923675
"233 MAIN ST, Aurora, IN, 47001-1308, USA",39.0554758,-84.8999418
"19325 Schmarr Dr, Lawrenceburg, IN, 47025, USA",39.153405,-84.8374891
"371 Main St, Brookville, IN, 47012-1363, USA",39.4182961,-85.012423
"Water Street, Oldenburg, IN, 47036-0085, USA",39.3392269,-85.2003275
"462 Main St, Brookville, IN, 47012-1406, USA",39.4193555,-85.0129429
"Pearl, Laurel, IN, 47024-0000, USA",39.5006459,-85.18614
"4900 Shamrock Dr Suite 105, Evansville, IN, 47715-2219, USA",37.9719202,-87.4915782
"5600 Kansas Rd, Evansville, IN, 47725-7600, USA",38.0646754,-87.4824726
"619 N Main St, Evansville, IN, 47711-5421, USA",37.9836307,-87.5635221
"3500 N. Harlan Ave, Evansville, IN, 47711, USA",38.0116003,-87.5422124
"5607 North Highway 41, Evansville, IN, 47711, USA",38.0363496,-87.5389575
"315 Taylor Av, Evansville, IN, 47713-1309, USA",37.9566382,-87.5606936
"1 NW Martin Luther King Jr. Blvd, Evansville, IN, 47708, USA",37.9736706,-87.5673156
"1505 North Third Ave., Evansville, IN, 47711, USA",37.9917777,-87.5771601
"225 S Commercial St, Worthington, IN, 47471-1704, USA",39.1211081,-86.9746016
"145 S Lawton St, Jasonville, IN, 47438-1404, USA",39.1624225,-87.2003478
"12 E Main St, Bloomfield, IN, 47424-1418, USA",39.026942,-86.9382129
"190 A St NW, Linton, IN, 47441-1727, USA",39.0352299,-87.1679592
"204 CR 70E, Bloomfield, IN, 47424-0000, USA",39.0250938,-86.9270937
"150 E Broad St, Lyons, IN, 47443, USA",38.9887262,-87.080883
"653 Locust St, Middletown, IN, 47356-1436, USA",40.0539747,-85.5356189
"SULPHUR SPRINGS, IN, 47388, USA",40.0065381,-85.4407811
"212 S Main St, Shirley, IN, 47384-9687, USA",39.8903633,-85.5763807
"130 E Main St, Spiceland, IN, 47385-0000, USA",39.8386062,-85.4377589
"127 N 12th St, New Castle, IN, 47362-4524, USA",39.9320192,-85.3723166
"101 E Charles St, Mooreland, IN, 47360-0000, USA",39.9974758,-85.24979
"24 S Washington St, Knightstown, IN, 46148-1277, USA",39.7949223,-85.5249176
"BROAD ST, New Castle, IN, 47362-0000, USA",39.9312157,-85.367525
"227 N Main St, New Castle, IN, 47362-4241, USA",39.9329545,-85.3706624
"Corner Of Brown St & Perry St, Vernon, IN, 47282-0000, USA",38.9854573,-85.608046
"101 Madison Ave, North Vernon, IN, 47265-0000, USA",39.0064962,-85.6252186
"100 Broadway, Oaktown, IN, 47561, USA",38.8712409,-87.4405012
"135 N 8th St, Vincennes, IN, 47591-2917, USA",38.6759132,-87.5264993
"119 E 2nd St, Bicknell, IN, 47512, USA",38.7738454,-87.306711
"501 Busseron St, Vincennes, IN, 47591-2917, USA",38.6776713,-87.5291533
"Capital Ave, Shoals, IN, 47581-0000, USA",38.6697034,-86.7974949
"201 Water Street, Shoals, IN, 47581-0000, USA",38.665985,-86.79333
"401 N John F Kennedy Ave, Loogootee, IN, 47553-1220, USA",38.6786642,-86.9159625
"300 S Poplar St, Rising Sun, IN, 47040-1257, USA",38.9462094,-84.8551846
"123 S Mulberry St, Rising Sun, IN, 47040-1117, USA",38.9500738,-84.8565895
"217 E Ohio St, Rockville, IN, 47872-1830, USA",39.7623205,-87.2252276
"458 W Strawberry Rd, Rockville, IN, 47872, USA",39.7755496,-87.2446515
"416 S Jefferson St, Rockville, IN, 47872-1748, USA",39.7588856,-87.2270751
"272 E Crawford St, Montezuma, IN, 47862, USA",39.792627,-87.37
"130 N Main St, Rosedale, IN, 47874, USA",39.623984,-87.283371
"101 S Main, Lynn, IN, 47355-0000, USA",40.0486896,-84.9398262
"106 E Henry St, Farmland, IN, 47340-0000, USA",40.1876243,-85.1272052
"115 E South St, Winchester, IN, 47394-2133, USA",40.1704431,-84.9810486
"147 W Washington St, Parker City, IN, 47368-0000, USA",40.1882458,-85.2049672
"309 W Pearl St, Union City, IN, 47390-1445, USA",40.198594,-84.808504
"City Bldg, Ridgeville, IN, 47380-0000, USA",40.2892107,-85.028857
"113 E Washington St, Winchester, IN, 47394-1801, USA",40.1729522,-84.9806976
"1 S Fairground St, Liberty, IN, 47353-1447, USA",39.6352725,-84.9282158
"106 E Union St, Liberty, IN, 47353-1438, USA",39.6351637,-84.9275651
"1888 State Road 63, Newport, IN, 47966-0000, USA",39.8537055,-87.4089369
"E Curtis St, Cayuga, IN, 47928-0000, USA",39.9495361,-87.4593586
"496 W Walnut, Perrysville, IN, USA",40.056636,-87.4377049
"106 E Dogwood, Dana, IN, 47847, USA",39.8037431,-87.4933378
"383 S Jackson St, Clinton, IN, 47842, USA",39.6810598,-87.4049269
"259 Vine St, Clinton, IN, 47842-2160, USA",39.660954,-87.3992696
"101 W Howard St, Crothersville, IN, 47229-1523, USA",38.795019,-85.841287
"150 E State Road 250, Brownstown, IN, 47220-2000, USA",38.83706,-86.0077646
"200 W Walnut St, Brownstown, IN, 47220-1445, USA",38.879444,-86.04348
"220 N Chestnut St, Seymour, IN, 47274-2104, USA",38.9598228,-85.8903537
"27 N Perry, Medora, IN, 47260-0000, USA",38.8256423,-86.1699901
"357 Tanger Blvd, Seymour, IN, 47274-4401, USA",38.9631914,-85.8397455
"651 S Frontage Rd, Seymour, IN, 47274-0000, USA",38.9550277,-85.8418901
"721 E Tipton St, Seymour, IN, 47274-3521, USA",38.9587429,-85.878486
"405 W Huntington St, Montpelier, IN, 47359-1007, USA",40.5546014,-85.2831393
"64 N 500 E, Hartford City, IN, 47348-9248, USA",40.4504335,-85.2773582
"700 N Walnut St, Hartford City, IN, 47348-1548, USA",40.4568378,-85.3694116
"101 W Main St, Thorntown, IN, 46071-1127, USA",40.1292069,-86.6067514
"1075 Parkway Dr, Zionsville, IN, 46077-1951, USA",39.9474722,-86.2748166
"201 E Main St, Lebanon, IN, 46052-2686, USA",40.0473162,-86.4665581
"1905 Indianapolis Ave, Lebanon, IN, 46052-2938, USA",40.0332732,-86.4495668
"7 S Main Street, Whitestown, IN, 46075, USA",39.9978113,-86.3457707
"112 North Main Street, Advance, IN, 46147, USA",39.9532587,-86.6409554
"421 East Main Street, Jamestown, IN, 46147, USA",39.9241875,-86.6240631
"100 Court Park, Logansport, IN, 46947-0000, USA",40.7552423,-86.3666618
"601 E Broadway, Logansport, IN, 46947-3156, USA",40.7542408,-86.3624655
"104 E North Street, Royal Center, IN, 46978, USA",40.8648872,-86.4988122
"2209 Newton St, Jasper, IN, 47546-1502, USA",38.4082739,-86.9383196
"255 Brucke Strasse, Jasper, IN, 47546-3400, USA",38.3848137,-86.9279011
"309 E Sixth St, Jasper, IN, 47546-2916, USA",38.391157,-86.928063
"503 E First St, Huntingburg, IN, 47542-1348, USA",38.2911823,-86.9530604
"123 W 5th St, Ferdinand, IN, USA",38.2235908,-86.8621803
"103 W ST RD 64, Birdseye, IN, USA",38.3100918,-86.7558872
"505 W Main Street, Holland, IN, USA",38.246235,-87.0402918
"100 W Main St, Hillsboro, IN, 47949-8111, USA",40.1064496,-87.1605791
"1329 2nd St, Covington, IN, 47932-1009, USA",40.134817,-87.3979327
"200 S Mcdonald St, Attica, IN, 47918-1410, USA",40.292787,-87.246876
"216 Union St, Covington, IN, 47932-1248, USA",40.1352132,-87.3977777
"100 S Main St, Veedersburg, IN, 47987, USA",40.1116791,-87.2626878
"Kingman Town Hall, Kingman, IN, 47952, USA",39.9675811,-87.278137
"205 N 1st St, Van Buren, IN, 46991-0000, USA",40.618469,-85.5053559
"211 E Main St, Gas City, IN, 46933-1457, USA",40.4881759,-85.6125275
"213 S Washington, Swayzee, IN, 46986-0000, USA",40.5070529,-85.8253935
"214 E 4th St, Marion, IN, 46952-4026, USA",40.5575853,-85.6579392
"214 W Washington St, Fairmount, IN, 46928-1968, USA",40.4157354,-85.6524383
"301 S Branson St, Marion, IN, 46952-4052, USA",40.5508444,-85.6575691
"414 S Main St, Jonesboro, IN, 46938-1115, USA",40.4817858,-85.6282705
"87 N Main St, Upland, IN, 46989-0458, USA",40.4750789,-85.4947095
"126 N Main St, Roanoke, IN, 46783-1000, USA",40.9616697,-85.3728007
"155 W Sparks St, Markle, IN, 46770-0000, USA",40.825923,-85.3392631
"300 Cherry St, Huntington, IN, 46750-2677, USA",40.8810302,-85.4959172
"332 E State St, Huntington, IN, 46750-2850, USA",40.8806463,-85.4911267
"66 N Main St, Andrews, IN, 46702-0000, USA",40.8586357,-85.601822
"112 Carnation St SE, Demotte, IN, 46310-0000, USA",41.2019375,-87.1950498
"122 S Van Rensselaer St, Rensselaer, IN, 47978-2815, USA",40.9353886,-87.1517258
"2171 N. McKinley Ave, Rensselaer, IN, 47978-2831, USA",40.9586079,-87.1508144
"71 N Main St, Wheatfield, IN, 46392-8801, USA",41.1927712,-87.0547207
"PO Box 70, Remington, IN, 47977-0070, USA",40.7608729,-87.1508522
"1 Caisson Dr # A, Franklin, IN, 46131-2443, USA",39.4760841,-86.0545934
"1091 Hospital Rd, Franklin, IN, 46131-9025, USA",39.4765988,-86.0760118
"200 S Main St, Edinburgh, IN, 46124-1411, USA",39.3528608,-85.9681703
"12 Main St, Bargersville, IN, 46106-0000, USA",39.521138,-86.168235
"186 Surina Way, Greenwood, IN, 46143-1627, USA",39.611707,-86.1034812
"300 Tracy Rd, Whiteland, IN, 46184-1026, USA",39.5647149,-86.0963977
"549 Main St, Whiteland, IN, 46184-1552, USA",39.5497663,-86.0791824
"800 S County Rd 300 W, Trafalgar, IN, 46181-0000, USA",39.4326199,-86.1179727
"144 S Main St, North Webster, IN, 46555-0000, USA",41.3250379,-85.6982746
"121 W Main, Mentone, IN, 46539-0000, USA",41.173141,-86.037657
"221 W Main St, Warsaw, IN, 46580-2715, USA",41.2385198,-85.8585942
"2191 E Fort Wayne St, Warsaw, IN, 46580-2810, USA",41.239921,-85.8344141
"310 N Huntington St, Syracuse, IN, 46567-1309, USA",41.424832,-85.7495844
"408 S Graceland Ave, Claypool, IN, 46510-0000, USA",41.1259998,-85.8793852
"604 N Jefferson St, Silver Lake, IN, 46982-8976, USA",41.0774558,-85.8920723
"1310 Park Ave, Winona Lake, IN, 46590-1051, USA",41.2224803,-85.8212847
"205 N First St, Pierceton, IN, USA",41.1975547,-85.7050113
"101 S Main St, Topeka, IN, 46571-9099, USA",41.5392654,-85.5391126
"345 N Morton St., Shipshewana, IN, 46565-0000, USA",41.6791638,-85.5780564
"104 N Townline Rd., LaGrange, IN, USA",41.6443016,-85.4249157
"104 W Race St., Wolcottville, IN, USA",41.5276461,-85.3671319
"270 W 15th St, Rushville, IN, 46173-1193, USA",39.6232683,-85.4488549
"32 N. Court, Sullivan, IN, 47882-1521, USA",39.0960903,-87.4087338
"1048 N Lakeshore Dr, Crown Point, IN, 46307-9401, USA",41.4158189,-87.2209641
"1001 Ridge Rd, Munster, IN, 46321-1849, USA",41.5622888,-87.5038934
"11033 W 93rd Ave, St John, IN, 46373-9701, USA",41.4493703,-87.4682136
"115 N Broad St, Griffith, IN, 46319-2293, USA",41.523483,-87.4272545
"122 Huber Blvd, Hobart, IN, 46342-1013, USA",41.5586021,-87.27555
"1333 E Commercial Ave, Lowell, IN, 46356-2168, USA",41.2908985,-87.4079683
"124 N East St, Crown Point, IN, 46307-4028, USA",41.418677,-87.3628502
"1301 Broadway, Gary, IN, 46407-1326, USA",41.5898141,-87.3367012
"1610 Us Highway 41, Schererville, IN, 46375-1318, USA",41.4949,-87.471
"1914 Schrage Ave, Whiting, IN, 46394-2007, USA",41.678788,-87.4901374
"200 Main St, Hobart, IN, 46342-4440, USA",41.5327805,-87.2556529
"2293 N Main St, Crown Point, IN, 46307-1854, USA",41.4479418,-87.3685688
"230 Schulte St, Dyer, IN, 46311-1860, USA",41.4932117,-87.5216761
"2301 E Columbus Dr, East Chicago, IN, 46312-2876, USA",41.638156,-87.4435209
"232 Russell St, Hammond, IN, 46320-1814, USA",41.6165436,-87.5203422
"23800 Parrish Ave, Schneider, IN, 46376-0000, USA",41.1857141,-87.4485921
"25 E Joliet St, Schererville, IN, 46375-2010, USA",41.4917812,-87.4502566
"3333 Ridge Rd # 3, Highland, IN, 46322-2097, USA",41.5538733,-87.4490179
"3629 Central Ave, Lake Station, IN, 46405-2392, USA",41.57441,-87.239081
"3711 Main St, East Chicago, IN, 46312-2223, USA",41.6456175,-87.4446436
"400 Broadway, Gary, IN, 46402-1233, USA",41.6035552,-87.3379067
"414 Main St, Hobart, IN, 46342-4444, USA",41.5307205,-87.2543313
"4491 W 5th Ave, Gary, IN, 46406-1747, USA",41.6017546,-87.3922989
"520 Fayette St, Hammond, IN, 46320-1805, USA",41.616479,-87.5166689
"5925 Calumet Ave # 115, Hammond, IN, 46320-2554, USA",41.6051401,-87.5082841
"7408 Constitution Ave, Cedar Lake, IN, 46303-9186, USA",41.3682957,-87.424896
"7820 Broadway, Merrillville, IN, 46410-5557, USA",41.4768341,-87.3374065
"900 Madison St, Gary, IN, 46402-2832, USA",41.5948098,-87.3422134
"509 Douglas Street, Hammond, IN, 46320, USA",41.6156938,-87.5160083
"123 S Center St, Bremen, IN, 46506-1566, USA",41.4459196,-86.1467963
"125 W Walnut St, Argos, IN, 46501-1025, USA",41.2371102,-86.246391
"1425 Miami Hwy, Bremen, IN, 46506-9665, USA",41.4608924,-86.1921719
"200 E Washington St, Culver, IN, 46511-1534, USA",41.2177262,-86.4225225
"1400 N Pioneer Dr., Plymouth, IN, 46563-1710, USA",41.3518496,-86.3452045
"215 W Washington St, Plymouth, IN, 46563-1747, USA",41.3412867,-86.3114083
"224 N Main St, Bourbon, IN, 46504-1648, USA",41.2971132,-86.1160592
"108 E Randolph St., LaPaz, IN, USA",41.4591279,-86.3066849
"403 N Main St, Glenwood, IN, 46133-0000, USA",39.6285738,-85.3003665
"6 W 1st, Carthage, IN, 46115-0000, USA",39.7391806,-85.572312
"110 E Meridian St, Winamac, IN, 46996-1510, USA",41.050111,-86.603084
"623 W 11th St., Winamac, IN, USA",41.0547415,-86.6133105
"969 S Section St, Dugger, IN, 47848-8090, USA",39.067894,-87.2595361
"24 S State St, Sullivan, IN, 47882, USA",39.094807,-87.4062636
"210 S Independence St, Windfall, IN, 46076-0000, USA",40.361777,-85.9568462
"225 E Jefferson St, Tipton, IN, 46072-1911, USA",40.2821664,-86.0384855
"205 S Main St., Kempton, IN, 46049-0136, USA",40.2868665,-86.2289108
"124 S Main St., Sharpsville, IN, USA",40.378896,-86.086308
"1451 N Eel River Cemetery Rd, Peru, IN, 46970-7513, USA",40.7852274,-86.1300553
"35 Court St., Peru, IN, 46970-3650, USA",40.7549568,-86.0683926
"210 N Jefferson St, Converse, IN, 46919-0000, USA",40.5796887,-85.8728906
"35 Court St, Peru, IN, 46970-2201, USA",40.7549568,-86.0683926
"35 S Broadway, Peru, IN, 46970-2231, USA",40.7532711,-86.0682134
"1451 N Eel River Cemetery Rd, Peru, IN, USA",40.7852274,-86.1300553
"280 West Broadway, Bunker Hill, IN, USA",40.660616,-86.1062267
"1406 West Temperance Street, Ellettsville, IN, 47429-1812, USA",39.2402877,-86.6301277
"122 S Walnut St, Bloomington, IN, 47404-6107, USA",39.1657914,-86.533834
"220 E 3rd St, Bloomington, IN, 47401-3513, USA",39.1643829,-86.5315061
"301 N College Ave, Bloomington, IN, 47404-3843, USA",39.1690758,-86.5350965
"505 W 4th St, Bloomington, IN, 47404-5129, USA",39.165417,-86.5390022
"7951 W Main St, Stinesville, IN, 47464-0000, USA",39.2987104,-86.6526137
"801 N Jordan Ave, Bloomington, IN, 47405-2107, USA",39.1738343,-86.5159926
"2135 N Fee Lane, Bloomington, IN, 47404, USA",39.1852553,-86.5194436
"104 W Main St, Mooresville, IN, 46158-1667, USA",39.6129856,-86.3776121
"120 W Washington St, Morgantown, IN, 46160-9547, USA",39.3714487,-86.2621838
"16 E Mill, Brooklyn, IN, 46111-0000, USA",39.5388413,-86.369413
"160 N Park Ave, Martinsville, IN, 46151-1400, USA",39.4295524,-86.4410196
"59 S Jefferson St, Martinsville, IN, 46151-4800, USA",39.4261644,-86.4270346
"160 N Park Ave, Martinsville, IN, 46151-0000, USA",39.4295524,-86.4410196
"209 W Union, Paragon, IN, 46166-0000, USA",39.3950789,-86.5637906
"10093 N 300 W, Lake Village, IN, 46349-9492, USA",41.1462187,-87.4481857
"112 N Clay, Morocco, IN, 47963-0000, USA",40.948996,-87.4553856
"300 N 3rd St, Kentland, IN, 47951-1112, USA",40.7704411,-87.4454953
"304 E Seymour St, Kentland, IN, 47951-1242, USA",40.7683204,-87.4443726
"110 N Benton, Brook, IN, USA",40.8664258,-87.3636368
"291 Vandalia Ave, Spencer, IN, 47460-1143, USA",39.2886334,-86.7734508
"90 N West St, Spencer, IN, 47460-1396, USA",39.286886,-86.764745
"13 S 3RD ST, Gosport, IN, 47433, USA",39.348694,-86.662993
"100 S 4th St, Petersburg, IN, 47567-1411, USA",38.489445,-87.2816495
"301 N Main St, Winslow, IN, 47598-0000, USA",38.3823253,-87.2162632
"702 E. Main Street, Petersburg, IN, 47567, USA",38.4935824,-87.2769626
"106 E Sigler, Hebron, IN, 46341-0000, USA",41.3184168,-87.1991804
"115 Hillcrest Rd, Ogden Dunes, IN, 46368-8502, USA",41.6182199,-87.1900925
"1240 W North Boo Rd, Chesterton, IN, 46304-9707, USA",41.6124327,-87.1267407
"2755 SR 49, Valparaiso, IN, 46383-5631, USA",41.4432389,-87.0246316
"355 Washington St., Valparaiso, IN, 46383-5634, USA",41.4646149,-87.0601322
"2693 Irving St # P, Portage, IN, 46368-3597, USA",41.5738225,-87.1805358
"210 S Main St., Kouts, IN, 46347-0000, USA",41.316987,-87.0261548
"50 Francis St, Porter, IN, 46304-1700, USA",41.6160623,-87.0728456
"726 Broadway, Chesterton, IN, 46304-2229, USA",41.6119036,-87.0624651
"816 Union St, Valparaiso, IN, 46383, USA",41.4628329,-87.0496465
"1600 N. Mineral Springs Rd, Chesterton, IN, 46304, USA",41.6483427,-87.0866841
"124 E Michigan St, New Carlisle, IN, 46552-0000, USA",41.7060909,-86.5083003
"116 N Main St, North Liberty, IN, 46554-9218, USA",41.5352604,-86.4265206
"125 S Lafayette St., South Bend, IN, 46601-1804, USA",41.6754394,-86.2540312
"200 Independence Dr, South Bend, IN, 46637-3414, USA",41.7146267,-86.2458972
"209 S Michigan St, Lakeville, IN, 46536-0000, USA",41.5230352,-86.2748643
"125 S Lafayette St., South Bend, IN, 46601-1830, USA",41.6754394,-86.2540312
"2801 Riverside Dr, South Bend, IN, 46616-2157, USA",41.7132567,-86.2717529
"402 Michigan St, Walkerton, IN, 46574-1114, USA",41.4667195,-86.483741
"4817 Lincoln Way W, South Bend, IN, 46628-5525, USA",41.6992095,-86.3160448
"523 E Jefferson Blvd, South Bend, IN, 46617-2704, USA",41.675517,-86.2432782
"401 W Sample St # A, South Bend, IN, 46601-2890, USA",41.6663529,-86.254428
"701 W Sample St, South Bend, IN, 46601-2821, USA",41.6658647,-86.258554
"850 Lincoln Way W, Osceola, IN, 46561-2646, USA",41.6635439,-86.0799985
"360 East Douglas Rd, Mishawaka, IN, USA",41.7094513,-86.1811793
"107 W Taylor St, Shelbyville, IN, 46176-2028, USA",39.520486,-85.7786069
"230 E Main St, Morristown, IN, 46161, USA",39.6743413,-85.701314
"101 W Washington St, Knox, IN, 46534-1155, USA",41.3018051,-86.6203413
"108 N Pearl St, Knox, IN, 46534-1138, USA",41.2989265,-86.6216607
"206 Keller Ave, North Judson, IN, 46366-1208, USA",41.2158985,-86.7756887
"10 S Strake St, Hamlet, IN, 4532, USA",41.3800146,-86.582832
"1340 Manchester Ave, Wabash, IN, 46992-1615, USA",40.8263774,-85.8020971
"22 W Branson St, La Fontaine, IN, 46940-0000, USA",40.6735056,-85.7209274
"709 W Main St, North Manchester, IN, 46962-1450, USA",40.9986262,-85.7787583
"79 W Main St, Wabash, IN, 46992-3162, USA",40.7974913,-85.8219449
"22 Front St, Williamsport, IN, 47993-1133, USA",40.2872336,-87.2937734
"29 E 2nd St, Williamsport, IN, 47993-1146, USA",40.2877614,-87.2933025
"201 N High St, West Lebanon, IN, USA",40.272792,-87.3864549
"100 W North St, Wolcott, IN, 47995-8272, USA",40.7604133,-87.0419112
"122 W Washington St, Monticello, IN, 47960-2163, USA",40.7463396,-86.7632085
"205 E 3rd, Brookston, IN, 47923-0000, USA",40.6024659,-86.8659572
"422 N Market St, Monon, IN, 47959-9799, USA",40.863703,-86.879463
"915 Hanawalt St, Monticello, IN, 47960-1828, USA",40.7516385,-86.7761206
"205 E Walnut St, Chalmers, IN, 47929, USA",40.662922,-86.867647
"101 W Market St, Columbia City, IN, 46725-2312, USA",41.1554854,-85.4888722
"112 S Chauncey St, Columbia City, IN, 46725-2347, USA",41.1563033,-85.4903517
"118 E Front St, South Whitley, IN, 46787-1314, USA",41.0844436,-85.6266643
"202 N Main St, Churubusco, IN, 46723-1711, USA",41.2315046,-85.3198074
"102 E Walnut St, Odon, IN, 47562-1328, USA",38.8421719,-86.9910888
"101 NE 3rd St # 3, Washington, IN, 47501-2989, USA",38.657959,-87.1725541
"301 E Walnut St, Washington, IN, 47501-2793, USA",38.6586503,-87.1723425
"105 W Main Street, Elnora, IN, USA",38.8783801,-87.0858431